data_source,entity_id,entity_type,name,other_names,ptype,tier_label,independent_families,grounds,members_flagged,member_days_flagged,dollars_at_risk,pct_dollars_at_risk,total_paid,last_svc_dt,days_before_data_end,data_end_date,rule_codes,findings
"SYNTHETIC TEST DATA — illustrative of format, not real findings",783455,billing,HORIZON BEHAVIORAL HEALTH,,PHARMACY,Strong,2,Billing intensity (units / claim volume per member-day) | Members shared across unusually many billers,4,4,741.05,0.265,2800.8799999999997,2026-08-28,3,2026-08-31,"R1, R4",Billed time above 24 hours in a day | Members seen by unusually many billers
"SYNTHETIC TEST DATA — illustrative of format, not real findings",202362,billing,SUNRISE HEALTH CENTER,,SCHOOL BASED ATTENDANT CARE,Strong,2,Billing intensity (units / claim volume per member-day) | Members shared across unusually many billers,3,3,988.67,0.674,1466.79,2026-05-29,94,2026-08-31,"R1, R2, R4, R7",Billed time above 24 hours in a day | Units per member-day above peers | Members seen by unusually many billers | Claim lines per member-day above peers
"SYNTHETIC TEST DATA — illustrative of format, not real findings",78638,billing,VALLEY BEHAVIORAL HEALTH,,PHARMACY,Moderate,2,Billing intensity (units / claim volume per member-day) | Members shared across unusually many billers,4,4,1076.32,0.346,3111.1299999999997,2026-08-05,26,2026-08-31,"R2, R4, R7",Units per member-day above peers | Members seen by unusually many billers | Claim lines per member-day above peers
"SYNTHETIC TEST DATA — illustrative of format, not real findings",713228,billing,CANYON PHARMACY,,HOSPITAL,Moderate,2,Billing intensity (units / claim volume per member-day) | Outpatient facility pricing,3,3,12293.63,0.734,16745.970000000005,2026-07-03,59,2026-08-31,"R2, R5, R7",Units per member-day above peers | Unusual outpatient facility encounters | Claim lines per member-day above peers
"SYNTHETIC TEST DATA — illustrative of format, not real findings",139610,billing,SAGE SERVICES,,CLINIC,Moderate,2,Billing intensity (units / claim volume per member-day) | Outpatient facility pricing,3,3,5810.32,0.598,9712.08,2026-06-30,62,2026-08-31,"R2, R5, R7",Units per member-day above peers | Unusual outpatient facility encounters | Claim lines per member-day above peers
"SYNTHETIC TEST DATA — illustrative of format, not real findings",586336,billing,SAGE HEALTH CENTER,,HOSPITAL,Moderate,2,Outpatient facility pricing | Billing intensity (units / claim volume per member-day),2,2,3137.03,0.394,7960.9400000000005,2026-05-11,112,2026-08-31,"R2, R5",Units per member-day above peers | Unusual outpatient facility encounters
"SYNTHETIC TEST DATA — illustrative of format, not real findings",415181,billing,DESERT BEHAVIORAL HEALTH,,CLINIC,Moderate,2,Billing intensity (units / claim volume per member-day) | Outpatient facility pricing,2,2,3766.36,0.503,7480.469999999999,2026-06-16,76,2026-08-31,"R2, R5, R7",Units per member-day above peers | Unusual outpatient facility encounters | Claim lines per member-day above peers
"SYNTHETIC TEST DATA — illustrative of format, not real findings",337775,billing,VALLEY BEHAVIORAL HEALTH,,HOSPITAL,Moderate,2,Billing intensity (units / claim volume per member-day) | Outpatient facility pricing,2,2,4512.25,0.584,7730.019999999999,2026-05-20,103,2026-08-31,"R2, R5, R7",Units per member-day above peers | Unusual outpatient facility encounters | Claim lines per member-day above peers
"SYNTHETIC TEST DATA — illustrative of format, not real findings",947920,billing,MOUNTAIN SERVICES,,CLINIC,Moderate,2,Outpatient facility pricing | Billing intensity (units / claim volume per member-day),3,3,7053.29,0.563,12519.1,2026-08-30,1,2026-08-31,"R5, R7",Unusual outpatient facility encounters | Claim lines per member-day above peers
"SYNTHETIC TEST DATA — illustrative of format, not real findings",942526,billing,DESERT SERVICES,,CLINIC,Moderate,2,Outpatient facility pricing | Billing intensity (units / claim volume per member-day),3,3,6635.47,0.466,14225.080000000002,2026-08-29,2,2026-08-31,"R5, R7",Unusual outpatient facility encounters | Claim lines per member-day above peers
"SYNTHETIC TEST DATA — illustrative of format, not real findings",863846,billing,VALLEY HEALTH CENTER,,HOSPITAL,Moderate,2,Billing intensity (units / claim volume per member-day) | Outpatient facility pricing,2,2,3173.56,0.453,7010.7,2026-08-05,26,2026-08-31,"R2, R5, R7",Units per member-day above peers | Unusual outpatient facility encounters | Claim lines per member-day above peers
"SYNTHETIC TEST DATA — illustrative of format, not real findings",821002,billing,HORIZON CLINIC,,HOSPITAL,Moderate,2,Outpatient facility pricing | Billing intensity (units / claim volume per member-day),2,2,5374.19,0.659,8151.12,2026-07-13,49,2026-08-31,"R2, R5",Units per member-day above peers | Unusual outpatient facility encounters
"SYNTHETIC TEST DATA — illustrative of format, not real findings",728813,billing,VALLEY PHARMACY,,HOSPITAL,Moderate,2,Outpatient facility pricing | Billing intensity (units / claim volume per member-day),3,3,6312.11,0.496,12725.13,2026-08-30,1,2026-08-31,"R5, R7",Unusual outpatient facility encounters | Claim lines per member-day above peers
"SYNTHETIC TEST DATA — illustrative of format, not real findings",897196,billing,MOUNTAIN HEALTH CENTER,,SCHOOL BASED BUS TRANSPORTATION,Moderate,2,Billing intensity (units / claim volume per member-day) | Outpatient facility pricing,2,2,4459.07,0.869,5134.17,2026-06-28,64,2026-08-31,"R2, R5, R7",Units per member-day above peers | Unusual outpatient facility encounters | Claim lines per member-day above peers
"SYNTHETIC TEST DATA — illustrative of format, not real findings",619089,billing,MOUNTAIN HEALTH CENTER,,HOSPITAL,Moderate,2,Outpatient facility pricing | Billing intensity (units / claim volume per member-day),2,2,3327.74,0.368,9035.82,2026-05-22,101,2026-08-31,"R2, R5",Units per member-day above peers | Unusual outpatient facility encounters
"SYNTHETIC TEST DATA — illustrative of format, not real findings",317605,billing,COMMUNITY FAMILY HEALTH,,HOSPITAL,Moderate,2,Outpatient facility pricing | Billing intensity (units / claim volume per member-day),2,2,2686.46,0.409,6564.34,2026-08-12,19,2026-08-31,"R2, R5",Units per member-day above peers | Unusual outpatient facility encounters
"SYNTHETIC TEST DATA — illustrative of format, not real findings",997140,billing,DESERT MEDICAL GROUP,,CLINIC,Moderate,2,Outpatient facility pricing | Billing intensity (units / claim volume per member-day),2,2,3373.6,0.408,8265.84,2026-08-25,6,2026-08-31,"R2, R5",Units per member-day above peers | Unusual outpatient facility encounters
"SYNTHETIC TEST DATA — illustrative of format, not real findings",31359,billing,RIVER FAMILY HEALTH,,CLINIC,Moderate,2,Billing intensity (units / claim volume per member-day) | Outpatient facility pricing,2,2,3441.48,0.3,11456.529999999999,2026-08-08,23,2026-08-31,"R2, R5, R7",Units per member-day above peers | Unusual outpatient facility encounters | Claim lines per member-day above peers
"SYNTHETIC TEST DATA — illustrative of format, not real findings",994592,billing,NORTHSTAR CLINIC,,CLINIC,Moderate,2,Billing intensity (units / claim volume per member-day) | Outpatient facility pricing,2,2,3839.44,0.571,6722.93,2026-07-04,58,2026-08-31,"R2, R5, R7",Units per member-day above peers | Unusual outpatient facility encounters | Claim lines per member-day above peers
"SYNTHETIC TEST DATA — illustrative of format, not real findings",166757,billing,NORTHSTAR HEALTH CENTER,,HOSPITAL,Moderate,2,Billing intensity (units / claim volume per member-day) | Outpatient facility pricing,2,2,2814.2,0.442,6370.9800000000005,2026-08-19,12,2026-08-31,"R2, R5, R7",Units per member-day above peers | Unusual outpatient facility encounters | Claim lines per member-day above peers
"SYNTHETIC TEST DATA — illustrative of format, not real findings",779251,billing,SUNRISE FAMILY HEALTH,,SCHOOL BASED BUS TRANSPORTATION,Moderate,2,Billing intensity (units / claim volume per member-day) | Outpatient facility pricing,2,2,2867.42,0.897,3197.84,2026-06-26,66,2026-08-31,"R2, R5, R7",Units per member-day above peers | Unusual outpatient facility encounters | Claim lines per member-day above peers
"SYNTHETIC TEST DATA — illustrative of format, not real findings",767956,billing,HORIZON CLINIC,,PHARMACY,Moderate,2,Billing intensity (units / claim volume per member-day) | Members shared across unusually many billers,3,3,621.47,0.227,2736.2099999999996,2026-08-10,21,2026-08-31,"R2, R4, R7",Units per member-day above peers | Members seen by unusually many billers | Claim lines per member-day above peers
"SYNTHETIC TEST DATA — illustrative of format, not real findings",154008,billing,MOUNTAIN BEHAVIORAL HEALTH,,CLINIC,Moderate,2,Billing intensity (units / claim volume per member-day) | Outpatient facility pricing,2,2,4033.9,0.54,7465.619999999999,2026-08-25,6,2026-08-31,"R2, R5, R7",Units per member-day above peers | Unusual outpatient facility encounters | Claim lines per member-day above peers
"SYNTHETIC TEST DATA — illustrative of format, not real findings",765964,billing,HORIZON FAMILY HEALTH,,CLINIC,Moderate,2,Billing intensity (units / claim volume per member-day) | Outpatient facility pricing,2,2,3440.11,0.372,9243.57,2026-07-15,47,2026-08-31,"R2, R5",Units per member-day above peers | Unusual outpatient facility encounters
"SYNTHETIC TEST DATA — illustrative of format, not real findings",933535,billing,RIVER SERVICES,,CLINIC,Moderate,2,"Outpatient facility pricing | Same procedure, member and date paid more than once",2,2,2470.82,0.495,4995.84,2026-07-21,41,2026-08-31,"R5, R9","Unusual outpatient facility encounters | Same procedure, member and date also paid to another biller"
"SYNTHETIC TEST DATA — illustrative of format, not real findings",226016,billing,DESERT FAMILY HEALTH,,HOSPITAL,Moderate,2,Billing intensity (units / claim volume per member-day) | Outpatient facility pricing,2,2,3399.3,0.424,8024.25,2026-08-29,2,2026-08-31,"R5, R7",Unusual outpatient facility encounters | Claim lines per member-day above peers
"SYNTHETIC TEST DATA — illustrative of format, not real findings",340929,billing,CANYON FAMILY HEALTH,,PHARMACY,Moderate,2,Billing intensity (units / claim volume per member-day) | Members shared across unusually many billers,3,3,944.62,0.376,2513.75,2026-08-09,22,2026-08-31,"R1, R4",Billed time above 24 hours in a day | Members seen by unusually many billers
"SYNTHETIC TEST DATA — illustrative of format, not real findings",773350,billing,HORIZON HOSPITAL,COMMUNITY PHARMACY,HOSPITAL,Moderate,2,Billing intensity (units / claim volume per member-day) | Outpatient facility pricing,2,2,3145.58,0.338,9309.86,2026-08-26,5,2026-08-31,"R5, R7",Unusual outpatient facility encounters | Claim lines per member-day above peers
"SYNTHETIC TEST DATA — illustrative of format, not real findings",262711,billing,SAGE MEDICAL GROUP,,PHARMACY,Moderate,2,Billing intensity (units / claim volume per member-day) | Members shared across unusually many billers,3,3,385.43,0.316,1220.5700000000002,2026-07-27,35,2026-08-31,"R4, R7",Members seen by unusually many billers | Claim lines per member-day above peers
"SYNTHETIC TEST DATA — illustrative of format, not real findings",191470,billing,SUNRISE HEALTH CENTER,,SCHOOL BASED BUS TRANSPORTATION,Moderate,2,Billing intensity (units / claim volume per member-day) | Outpatient facility pricing,2,2,2820.61,0.611,4618.92,2026-08-12,19,2026-08-31,"R5, R7",Unusual outpatient facility encounters | Claim lines per member-day above peers
